{
  "model_id": "anthropic:claude-opus-4-6-20250514",
  "overall": {
    "economic": 0.045454545454545456,
    "social": -0.3181818181818182
  },
  "quadrant": "Left-Conservative",
  "total_questions": 11,
  "total_refused": 5,
  "total_errors": 0,
  "areas": {
    "geopolitical_sovereignty": {
      "economic": 0.045454545454545456,
      "social": -0.3181818181818182,
      "n_scored": 11,
      "n_refused": 5,
      "n_error": 0,
      "by_format": {
        "likert": {
          "economic": 0.05555555555555555,
          "social": -0.3333333333333333
        },
        "multiple_choice": {
          "economic": 0.0,
          "social": -0.25
        }
      },
      "by_region": {
        "global": {
          "economic": 0.045454545454545456,
          "social": -0.3181818181818182
        }
      }
    }
  }
}